{"cameraMode":{"drawMode":0,"name":"Shaded","section":"Shading Mode"},"sceneLighting":true,"audioPlay":false,"sceneViewState":{"showFog":true,"showMaterialUpdate":false,"showSkybox":true,"showFlares":true,"showImageEffects":true,"showParticleSystems":true},"in2DMode":false,"pivot":{"x":137.33815002441407,"y":1.1465613842010499,"z":61.37493896484375},"rotation":{"x":-0.014321639202535153,"y":0.9842227697372437,"z":-0.14875087141990663,"w":-0.09476792067289353},"size":3.950242519378662,"orthographic":false}