{"cameraMode":{"drawMode":0,"name":"Shaded","section":"Shading Mode"},"sceneLighting":true,"audioPlay":false,"sceneViewState":{"showFog":true,"showMaterialUpdate":false,"showSkybox":true,"showFlares":true,"showImageEffects":true,"showParticleSystems":true},"in2DMode":false,"pivot":{"x":134.15725708007813,"y":2.2777421474456789,"z":64.35328674316406},"rotation":{"x":0.06513523310422898,"y":-0.8676953911781311,"z":0.11813478916883469,"w":0.478518009185791},"size":1.1008028984069825,"orthographic":false}