{"cameraMode":{"drawMode":0,"name":"Shaded","section":"Shading Mode"},"sceneLighting":true,"audioPlay":false,"sceneViewState":{"showFog":true,"showMaterialUpdate":false,"showSkybox":true,"showFlares":true,"showImageEffects":true,"showParticleSystems":true},"in2DMode":false,"pivot":{"x":135.00730895996095,"y":0.7927030920982361,"z":65.30965423583985},"rotation":{"x":0.00032639168784953654,"y":0.9990350008010864,"z":-0.043485429137945178,"w":0.007501274347305298},"size":1.1652380228042603,"orthographic":false}