{"cameraMode":{"drawMode":0,"name":"Shaded","section":"Shading Mode"},"sceneLighting":true,"audioPlay":false,"sceneViewState":{"showFog":true,"showMaterialUpdate":false,"showSkybox":true,"showFlares":true,"showImageEffects":true,"showParticleSystems":true},"in2DMode":false,"pivot":{"x":178.35704040527345,"y":278.45648193359377,"z":7.36932373046875},"rotation":{"x":-0.004496019333600998,"y":0.04229235276579857,"z":-0.00019089769921265543,"w":-0.9990985989570618},"size":139.0846405029297,"orthographic":false}