{"cameraMode":{"drawMode":0,"name":"Shaded","section":"Shading Mode"},"sceneLighting":true,"audioPlay":false,"sceneViewState":{"showFog":true,"showMaterialUpdate":false,"showSkybox":true,"showFlares":true,"showImageEffects":true,"showParticleSystems":true},"in2DMode":false,"pivot":{"x":132.751220703125,"y":0.9901799559593201,"z":64.52232360839844},"rotation":{"x":0.15408962965011598,"y":0.3631424903869629,"z":-0.061028853058815,"w":0.9168983697891235},"size":1.4185854196548463,"orthographic":false}