{"cameraMode":{"drawMode":0,"name":"Shaded","section":"Shading Mode"},"sceneLighting":true,"audioPlay":false,"sceneViewState":{"showFog":true,"showMaterialUpdate":false,"showSkybox":true,"showFlares":true,"showImageEffects":true,"showParticleSystems":true},"in2DMode":false,"pivot":{"x":133.03135681152345,"y":1.1944714784622193,"z":64.29447937011719},"rotation":{"x":-0.0022262614220380785,"y":-0.9286113381385803,"z":0.005571682937443256,"w":-0.37100860476493838},"size":0.45097219944000246,"orthographic":false}